{
  "train_loss": [
    1.3121520970016718,
    1.108681971207261,
    1.1088045975193381,
    1.1006606556475163,
    1.1006552772596478,
    1.09459341596812,
    1.0799679765477777,
    1.0695683434605598,
    1.0361644616350532,
    1.0304700592532754,
    1.0167505238205194,
    0.9802008541300893,
    0.985527697019279,
    0.9903736785054207,
    0.9833597578108311,
    0.9723858470097184,
    0.9729625964537263,
    0.9513421477749944,
    0.9461349714547396,
    0.9143962496891618,
    0.9001192869618535,
    0.8995710061863065,
    0.8929578792303801,
    0.9092674637213349,
    0.8817105134949088,
    0.8578603630885482,
    0.8681874964386225,
    0.8856701077893376,
    0.8763693701475859,
    0.8679833263158798
  ],
  "train_ce": [
    1.2964890161529183,
    1.1037084059789777,
    1.1053207237273455,
    1.0972533617168665,
    1.0980429286137223,
    1.09130681399256,
    1.0758297629654408,
    1.06324711907655,
    1.030992259271443,
    1.0239065950736403,
    1.010173412039876,
    0.9722764631733298,
    0.9765737857669592,
    0.9839767441153526,
    0.9770498415455222,
    0.9659492028877139,
    0.9656522646546364,
    0.9451904483139515,
    0.9396920502185822,
    0.9070425871759653,
    0.8922122791409492,
    0.8925326950848103,
    0.8845303934067488,
    0.9014452500268817,
    0.8737820060923696,
    0.8499580193310976,
    0.8598317941650748,
    0.8775789821520448,
    0.8684090916067362,
    0.8598835282027721
  ],
  "train_consist": [
    0.03132615614003953,
    0.009947126880433643,
    0.006967743633140344,
    0.0068145831901347265,
    0.005224701972110779,
    0.006573209665930335,
    0.00827642242074944,
    0.012642443547520088,
    0.010344389185775071,
    0.01312692493229406,
    0.013154217071132734,
    0.015848772272875067,
    0.017907820831169374,
    0.012793882939149626,
    0.012619824243301991,
    0.012873297710029874,
    0.01462067240208853,
    0.012303406183491461,
    0.0128858538591885,
    0.014707325390190817,
    0.015814022190170363,
    0.014076631690841168,
    0.016854957590112463,
    0.01564443229290191,
    0.015857018064707518,
    0.01580468577594729,
    0.01671140451799147,
    0.016182249077246524,
    0.015920552505122032,
    0.016199591802433133
  ],
  "train_acc": [
    0.3544921875,
    0.376953125,
    0.3828125,
    0.4052734375,
    0.3828125,
    0.40234375,
    0.4287109375,
    0.46484375,
    0.48046875,
    0.5224609375,
    0.541015625,
    0.57421875,
    0.568359375,
    0.548828125,
    0.5615234375,
    0.5576171875,
    0.5908203125,
    0.5859375,
    0.6025390625,
    0.640625,
    0.623046875,
    0.6328125,
    0.640625,
    0.6259765625,
    0.642578125,
    0.6337890625,
    0.6328125,
    0.6142578125,
    0.6357421875,
    0.6611328125
  ],
  "val_loss": [
    1.0005357530381944,
    1.0405678815311856,
    0.9908664557668898,
    1.0678486227989197,
    1.019535779953003,
    1.0070134666230943,
    0.9659619066450331,
    0.9582478139135573,
    0.9438495172394646,
    0.9208427800072564,
    0.886885424455007,
    0.8889788190523783,
    0.8889708320299784,
    0.898099250263638,
    0.8808832830852933,
    0.8860202100541856,
    0.8453846375147501,
    0.8330858747164408,
    0.7777909570270114,
    0.8766180475552877,
    0.8409495155016581,
    0.8047345148192512,
    0.7980529401037428,
    0.8028172916836209,
    0.7884028355280558,
    0.7902042468388876,
    0.7877594762378268,
    0.7733633915583292,
    0.7818102836608887,
    0.7901494039429559
  ],
  "val_ce": [
    1.0004342860645719,
    1.0405633449554443,
    0.9907838106155396,
    1.0678315626250372,
    1.019530223475562,
    1.0070039961073134,
    0.9659018052948846,
    0.9582087397575378,
    0.94383172194163,
    0.9206045269966125,
    0.8868602448039584,
    0.888867027229733,
    0.8889223668310378,
    0.8980635272132026,
    0.8807710674073961,
    0.8858912653393216,
    0.8450656467013888,
    0.8325020207299126,
    0.7769588298267789,
    0.8760665588908725,
    0.8400097621811761,
    0.8018088075849745,
    0.7949123316340976,
    0.8008971810340881,
    0.785256478521559,
    0.7865860131051805,
    0.78391961256663,
    0.7689202494091458,
    0.7780097789234586,
    0.7859207722875807
  ],
  "val_consist": [
    0.00020295222182337765,
    9.086885409829529e-06,
    0.00016529238503911378,
    3.4126939327608044e-05,
    1.1125998731505623e-05,
    1.8910119163390642e-05,
    0.00012022440124484192,
    7.81601322362096e-05,
    3.5563531077463674e-05,
    0.0004765031218185969,
    5.033527193316129e-05,
    0.00022360026196110994,
    9.691891419707745e-05,
    7.146331416960392e-05,
    0.00022443440199519196,
    0.00025791042409966595,
    0.0006379663278090043,
    0.0011676908211989535,
    0.0016642473444032173,
    0.0011030025327474708,
    0.0018795106831627588,
    0.005851420004748636,
    0.00628121396423214,
    0.0038402123221506677,
    0.006292711658817198,
    0.007236475176695321,
    0.007679734741234117,
    0.008886271984212928,
    0.00760099842833976,
    0.008457245512141122
  ],
  "val_acc": [
    0.46616541353383456,
    0.45112781954887216,
    0.5112781954887218,
    0.48872180451127817,
    0.48120300751879697,
    0.46616541353383456,
    0.5714285714285714,
    0.556390977443609,
    0.6541353383458647,
    0.6240601503759399,
    0.6090225563909775,
    0.6766917293233082,
    0.6541353383458647,
    0.6541353383458647,
    0.6390977443609023,
    0.6766917293233082,
    0.6917293233082706,
    0.7293233082706767,
    0.7142857142857143,
    0.6691729323308271,
    0.7142857142857143,
    0.7218045112781954,
    0.6766917293233082,
    0.6917293233082706,
    0.7368421052631579,
    0.7293233082706767,
    0.7218045112781954,
    0.706766917293233,
    0.7443609022556391,
    0.7368421052631579
  ]
}