{
  "train_loss": [
    0.862409811001271,
    0.6850010338239372,
    0.5800889898091555,
    0.5694371587596834,
    0.5328164165839553,
    0.5467840200290084,
    0.5200022864155471,
    0.5300310794264078,
    0.48253197548910975,
    0.4925524638965726,
    0.4713901989161968,
    0.47188864508643746,
    0.45246895542368293,
    0.43671595957130194,
    0.43105646781623363,
    0.4144911812618375,
    0.4073496274650097,
    0.40156944561749697,
    0.3875532732345164,
    0.39221201185137033,
    0.3682041624560952,
    0.37440287601202726,
    0.35748169431462884,
    0.36311088828369975,
    0.35086977668106556,
    0.3541147233918309,
    0.3467280208133161,
    0.3494595973752439,
    0.3422104916535318,
    0.3449164777994156
  ],
  "train_ce": [
    0.8510440154932439,
    0.6759603307582438,
    0.5727526163682342,
    0.5621552574448287,
    0.5251316460780799,
    0.5402499106712639,
    0.5135914324782789,
    0.5238814260810614,
    0.4757758532650769,
    0.4869046718813479,
    0.4656268428079784,
    0.46632980182766914,
    0.4470250220037997,
    0.431130850687623,
    0.42580505833029747,
    0.4094826993532479,
    0.40204446157440543,
    0.3959928881376982,
    0.38254521880298853,
    0.3873088723048568,
    0.3635631795041263,
    0.36962897097691894,
    0.35193028347566724,
    0.35836458019912243,
    0.346345167607069,
    0.3492272305302322,
    0.34189382987096906,
    0.3447573985904455,
    0.33773080818355083,
    0.34044069796800613
  ],
  "train_consist": [
    0.02273159532342106,
    0.018081408969010226,
    0.014672752586193383,
    0.014563802411430515,
    0.015369534514320549,
    0.013068223066511564,
    0.012821705706301145,
    0.01229930590488948,
    0.013512249090126716,
    0.01129558543470921,
    0.011526711445185356,
    0.011117689457023516,
    0.010887867771089077,
    0.011170217243488878,
    0.010502821220143232,
    0.010016962580266409,
    0.010610330740746576,
    0.011153116072819103,
    0.01001611037645489,
    0.009806283342186362,
    0.009281967271817848,
    0.009547810623189434,
    0.011102820397354662,
    0.009492617609794252,
    0.009049221262102947,
    0.00977498395513976,
    0.009668381986557506,
    0.009404398457263596,
    0.00895936337474268,
    0.008951558884291444
  ],
  "train_acc": [
    0.69140625,
    0.810546875,
    0.8583984375,
    0.869140625,
    0.884765625,
    0.8818359375,
    0.87890625,
    0.8837890625,
    0.9111328125,
    0.9052734375,
    0.921875,
    0.912109375,
    0.916015625,
    0.93359375,
    0.935546875,
    0.943359375,
    0.9462890625,
    0.9521484375,
    0.95703125,
    0.953125,
    0.970703125,
    0.9658203125,
    0.970703125,
    0.9677734375,
    0.9794921875,
    0.97265625,
    0.98046875,
    0.9765625,
    0.9814453125,
    0.9794921875
  ],
  "val_loss": [
    0.5617424746354421,
    0.4573249618212382,
    0.44872088895903695,
    0.5656161175833808,
    0.45884707901212907,
    0.402434014611774,
    0.3993116484747993,
    0.4013549288113912,
    0.3732898434003194,
    0.4696705142656962,
    0.37299179037412006,
    0.3828376796510484,
    0.3899955716398027,
    0.3399819036324819,
    0.3718678454558055,
    0.3972125185860528,
    0.39037882288297016,
    0.4284624722268846,
    0.3359007504251268,
    0.39425985349549186,
    0.3370167513688405,
    0.3363113734457228,
    0.3734275764889187,
    0.33811507953537834,
    0.43955493966738385,
    0.3344896237055461,
    0.3369065688716041,
    0.3957008553875817,
    0.37875114546881783,
    0.3538687460952335
  ],
  "val_ce": [
    0.5536000596152412,
    0.43749379449420506,
    0.43521566192309064,
    0.5525057547622256,
    0.4470852216084798,
    0.3905668954054515,
    0.3970514502790239,
    0.3929963343673282,
    0.3687822785642412,
    0.45169543226559955,
    0.36278414395120406,
    0.3774904211362203,
    0.3848613335026635,
    0.3343520230717129,
    0.36665557821591693,
    0.3893761701054043,
    0.38314128915468854,
    0.41709346903695,
    0.32932136125034756,
    0.38395727674166363,
    0.3296848502424028,
    0.32575610611173844,
    0.3640984197457631,
    0.33109499017397565,
    0.4330887430244022,
    0.32750361495547825,
    0.3307513693968455,
    0.38859691222508747,
    0.3722887403435177,
    0.34841025206777787
  ],
  "val_consist": [
    0.016284831178685028,
    0.03966233382622401,
    0.027010440412494872,
    0.02622073930170801,
    0.02352372060219447,
    0.023734249795476597,
    0.004520392407559686,
    0.016717180299262207,
    0.009015128223432435,
    0.03595016855332586,
    0.020415293363233406,
    0.010694526135921478,
    0.010268478964765867,
    0.011259762052860525,
    0.010424534195206232,
    0.015672695719533496,
    0.014475061816887723,
    0.022737997273604076,
    0.013158768829372194,
    0.020605157517517608,
    0.014663808448757563,
    0.021110534590358537,
    0.01865831943642762,
    0.014040175204475721,
    0.01293238883631097,
    0.0139720247954958,
    0.012310412039773332,
    0.014207891628353132,
    0.012924801765216721,
    0.010916993798067173
  ],
  "val_acc": [
    0.8120300751879699,
    0.9398496240601504,
    0.9323308270676691,
    0.8721804511278195,
    0.9323308270676691,
    0.9624060150375939,
    0.924812030075188,
    0.9473684210526315,
    0.9473684210526315,
    0.8796992481203008,
    0.9699248120300752,
    0.9473684210526315,
    0.924812030075188,
    0.9849624060150376,
    0.9548872180451128,
    0.9473684210526315,
    0.9473684210526315,
    0.9097744360902256,
    0.9774436090225563,
    0.9398496240601504,
    0.9774436090225563,
    0.9699248120300752,
    0.9398496240601504,
    0.9774436090225563,
    0.9172932330827067,
    0.9849624060150376,
    0.9624060150375939,
    0.9398496240601504,
    0.9473684210526315,
    0.9548872180451128
  ]
}