{
  "train_loss": [
    1.2522603906691074,
    1.1213575210422277,
    1.1156085822731256,
    1.1089685037732124,
    1.118318909779191,
    1.119290616363287,
    1.1212877817451954,
    1.1168578565120697,
    1.1104468759149313,
    1.104613445699215,
    1.1125320941209793,
    1.1029252707958221,
    1.1046380493789911,
    1.1045923344790936,
    1.103851430118084,
    1.1009569130837917,
    1.1046205256134272,
    1.102043740451336,
    1.1028731688857079,
    1.103063192218542,
    1.0995498709380627,
    1.1006788052618504,
    1.1001901533454657,
    1.0998468939214945,
    1.1005402021110058,
    1.0983839854598045,
    1.0989074315875769,
    1.0988605357706547,
    1.0986595880240202,
    1.0995238833129406
  ],
  "train_ce": [
    1.25168027728796,
    1.1210917737334967,
    1.1154564749449492,
    1.1088090483099222,
    1.118135292083025,
    1.1191520243883133,
    1.1211251839995384,
    1.1167504917830229,
    1.1103201191872358,
    1.1044861786067486,
    1.1124083306640387,
    1.1028211321681738,
    1.1045272424817085,
    1.1044747103005648,
    1.1037123184651136,
    1.1008222047239542,
    1.104506179690361,
    1.1019515488296747,
    1.1027907468378544,
    1.102988226339221,
    1.099471328780055,
    1.100596634671092,
    1.1001132372766733,
    1.0997731685638428,
    1.1004676427692175,
    1.0983118116855621,
    1.0988356359302998,
    1.098789069801569,
    1.0985869821161032,
    1.0994525719434023
  ],
  "train_consist": [
    0.0011602236675116728,
    0.0005314820975854673,
    0.00030420768962358125,
    0.0003189235280842695,
    0.0003672440209356864,
    0.0002771831661902979,
    0.00032519212459192204,
    0.00021472740036188043,
    0.00025352529064548435,
    0.00025451683063693054,
    0.0002475337282703549,
    0.00020827884873142466,
    0.00022159886816552898,
    0.00023524796529272862,
    0.0002782142712476343,
    0.0002693914987048629,
    0.0002286810856730881,
    0.00018439065263464727,
    0.00016483861509186681,
    0.0001499189162359471,
    0.00015708497119248932,
    0.0001643274588332133,
    0.00015382957360543514,
    0.00014745163889529067,
    0.0001451154064397997,
    0.00014434011723096773,
    0.0001435898589079443,
    0.0001429254746199149,
    0.00014521685091040126,
    0.00014262101637996238
  ],
  "train_acc": [
    0.35546875,
    0.310546875,
    0.3154296875,
    0.361328125,
    0.3173828125,
    0.3408203125,
    0.328125,
    0.32421875,
    0.3486328125,
    0.3095703125,
    0.3017578125,
    0.3193359375,
    0.32421875,
    0.3212890625,
    0.3232421875,
    0.345703125,
    0.3291015625,
    0.3466796875,
    0.3173828125,
    0.3232421875,
    0.3330078125,
    0.3271484375,
    0.3310546875,
    0.3251953125,
    0.3154296875,
    0.3291015625,
    0.3369140625,
    0.345703125,
    0.33203125,
    0.3125
  ],
  "val_loss": [
    1.0978089968363445,
    1.1163768900765314,
    1.0927435821957059,
    1.1335740817917719,
    1.1030876371595595,
    1.1709992951816983,
    1.1047478251987033,
    1.1156859927707248,
    1.0983636114332411,
    1.112629559304979,
    1.1086579031414456,
    1.096913390689426,
    1.0987515317069159,
    1.1062707238727145,
    1.10208080874549,
    1.0970109038882785,
    1.105256888601515,
    1.1085375150044758,
    1.1000634564293756,
    1.095444228914049,
    1.0974798070059881,
    1.0973241064283583,
    1.0998260709974501,
    1.097822626431783,
    1.1009174585342407,
    1.0995063649283514,
    1.0993554327223036,
    1.098994082874722,
    1.0991562869813707,
    1.0992038779788547
  ],
  "val_ce": [
    1.0978076722886827,
    1.1163768900765314,
    1.092700269487169,
    1.1335740817917719,
    1.1030876371595595,
    1.1709992951816983,
    1.1047478251987033,
    1.1156859927707248,
    1.0983636114332411,
    1.112629559304979,
    1.1086579031414456,
    1.096913390689426,
    1.0987515317069159,
    1.1062707238727145,
    1.10208080874549,
    1.0970109038882785,
    1.105256888601515,
    1.1085375150044758,
    1.1000634564293756,
    1.095444228914049,
    1.0974798070059881,
    1.0973241064283583,
    1.0998260709974501,
    1.097822626431783,
    1.1009174585342407,
    1.0995063649283514,
    1.0993554327223036,
    1.098994082874722,
    1.0991562869813707,
    1.0992038779788547
  ],
  "val_consist": [
    2.64754670313098e-06,
    -1.6108431625620294e-09,
    8.662209276958438e-05,
    -7.950735625428251e-09,
    5.136071691404077e-09,
    -7.933488779501532e-09,
    0.0,
    0.0,
    0.0,
    0.0,
    -8.223874501573193e-18,
    -5.174014303419325e-10,
    1.310750310759248e-09,
    5.691415733761258e-10,
    0.0,
    0.0,
    0.0,
    8.223874501573193e-18,
    0.0,
    0.0,
    0.0,
    0.0,
    4.294431995196153e-09,
    -5.5051512977873545e-09,
    0.0,
    1.5866977361630081e-09,
    0.0,
    -5.174012658644425e-11,
    8.968291479819849e-10,
    0.0
  ],
  "val_acc": [
    0.2857142857142857,
    0.3308270676691729,
    0.3383458646616541,
    0.3383458646616541,
    0.3308270676691729,
    0.3383458646616541,
    0.3383458646616541,
    0.3308270676691729,
    0.3308270676691729,
    0.3308270676691729,
    0.3383458646616541,
    0.3308270676691729,
    0.3383458646616541,
    0.3383458646616541,
    0.3308270676691729,
    0.3308270676691729,
    0.3383458646616541,
    0.3308270676691729,
    0.3383458646616541,
    0.3308270676691729,
    0.3308270676691729,
    0.3308270676691729,
    0.3308270676691729,
    0.3308270676691729,
    0.3383458646616541,
    0.3308270676691729,
    0.3308270676691729,
    0.3308270676691729,
    0.3308270676691729,
    0.3308270676691729
  ]
}