{
  "arch": "resnet",
  "split": "test",
  "per_scale": {
    "1.00": {
      "accuracy": 0.9849624060150376,
      "macro_f1": 0.9850158566160117,
      "entropy": 0.2938453257083893,
      "ece": 0.07039165227933036
    },
    "0.75": {
      "accuracy": 0.9774436090225563,
      "macro_f1": 0.9774410774410773,
      "entropy": 0.2833685278892517,
      "ece": 0.06593104793613118
    },
    "0.50": {
      "accuracy": 0.9774436090225563,
      "macro_f1": 0.9774410774410773,
      "entropy": 0.27948734164237976,
      "ece": 0.07446145518381792
    },
    "0.25": {
      "accuracy": 0.9849624060150376,
      "macro_f1": 0.9849298211367178,
      "entropy": 0.3534252643585205,
      "ece": 0.09501245259342336
    }
  },
  "psi": 0.9699248120300752,
  "csa": {
    "1.00_vs_0.75": 0.9774436090225563,
    "1.00_vs_0.50": 0.9774436090225563,
    "1.00_vs_0.25": 0.9699248120300752,
    "0.75_vs_0.50": 1.0,
    "0.75_vs_0.25": 0.9924812030075187,
    "0.50_vs_0.25": 0.9924812030075187
  },
  "report": {
    "angular_leaf_spot": {
      "precision": 1.0,
      "recall": 0.9772727272727273,
      "f1-score": 0.9885057471264368,
      "support": 44.0
    },
    "bean_rust": {
      "precision": 0.9777777777777777,
      "recall": 0.9777777777777777,
      "f1-score": 0.9777777777777777,
      "support": 45.0
    },
    "healthy": {
      "precision": 0.9777777777777777,
      "recall": 1.0,
      "f1-score": 0.9887640449438202,
      "support": 44.0
    },
    "accuracy": 0.9849624060150376,
    "macro avg": {
      "precision": 0.9851851851851853,
      "recall": 0.985016835016835,
      "f1-score": 0.9850158566160117,
      "support": 133.0
    },
    "weighted avg": {
      "precision": 0.9851294903926482,
      "recall": 0.9849624060150376,
      "f1-score": 0.9849614349706114,
      "support": 133.0
    }
  }
}