{
  "arch": "vit",
  "split": "test",
  "per_scale": {
    "1.00": {
      "accuracy": 0.3383458646616541,
      "macro_f1": 0.18148148148148147,
      "entropy": 1.0913180112838745,
      "ece": 0.05741307296250998
    },
    "0.75": {
      "accuracy": 0.3383458646616541,
      "macro_f1": 0.18148148148148147,
      "entropy": 1.091314673423767,
      "ece": 0.057411244489196565
    },
    "0.50": {
      "accuracy": 0.3308270676691729,
      "macro_f1": 0.1657250470809793,
      "entropy": 1.0915167331695557,
      "ece": 0.056038220350007384
    },
    "0.25": {
      "accuracy": 0.3308270676691729,
      "macro_f1": 0.1657250470809793,
      "entropy": 1.0915160179138184,
      "ece": 0.05603777331517157
    }
  },
  "psi": 0.9924812030075187,
  "csa": {
    "1.00_vs_0.75": 1.0,
    "1.00_vs_0.50": 0.9924812030075187,
    "1.00_vs_0.25": 0.9924812030075187,
    "0.75_vs_0.50": 0.9924812030075187,
    "0.75_vs_0.25": 0.9924812030075187,
    "0.50_vs_0.25": 1.0
  },
  "report": {
    "angular_leaf_spot": {
      "precision": 1.0,
      "recall": 0.022727272727272728,
      "f1-score": 0.044444444444444446,
      "support": 44.0
    },
    "bean_rust": {
      "precision": 0.0,
      "recall": 0.0,
      "f1-score": 0.0,
      "support": 45.0
    },
    "healthy": {
      "precision": 0.3333333333333333,
      "recall": 1.0,
      "f1-score": 0.5,
      "support": 44.0
    },
    "accuracy": 0.3383458646616541,
    "macro avg": {
      "precision": 0.4444444444444444,
      "recall": 0.3409090909090909,
      "f1-score": 0.18148148148148147,
      "support": 133.0
    },
    "weighted avg": {
      "precision": 0.44110275689223055,
      "recall": 0.3383458646616541,
      "f1-score": 0.18011695906432748,
      "support": 133.0
    }
  }
}