{
  "arch": "vgg",
  "split": "test",
  "per_scale": {
    "1.00": {
      "accuracy": 0.7443609022556391,
      "macro_f1": 0.7471950271950272,
      "entropy": 0.9624796509742737,
      "ece": 0.21637923063192155
    },
    "0.75": {
      "accuracy": 0.7669172932330827,
      "macro_f1": 0.7708786082280059,
      "entropy": 0.9617854356765747,
      "ece": 0.2405790713496674
    },
    "0.50": {
      "accuracy": 0.6917293233082706,
      "macro_f1": 0.6976464796246606,
      "entropy": 0.961292028427124,
      "ece": 0.17066145144907155
    },
    "0.25": {
      "accuracy": 0.5939849624060151,
      "macro_f1": 0.5911972990777339,
      "entropy": 0.9525302052497864,
      "ece": 0.10583997691484322
    }
  },
  "psi": 0.6766917293233082,
  "csa": {
    "1.00_vs_0.75": 0.9323308270676691,
    "1.00_vs_0.50": 0.7894736842105263,
    "1.00_vs_0.25": 0.6766917293233082,
    "0.75_vs_0.50": 0.8421052631578947,
    "0.75_vs_0.25": 0.7293233082706767,
    "0.50_vs_0.25": 0.8646616541353384
  },
  "report": {
    "angular_leaf_spot": {
      "precision": 0.8235294117647058,
      "recall": 0.6363636363636364,
      "f1-score": 0.717948717948718,
      "support": 44.0
    },
    "bean_rust": {
      "precision": 0.6,
      "recall": 0.7333333333333333,
      "f1-score": 0.66,
      "support": 45.0
    },
    "healthy": {
      "precision": 0.8636363636363636,
      "recall": 0.8636363636363636,
      "f1-score": 0.8636363636363636,
      "support": 44.0
    },
    "accuracy": 0.7443609022556391,
    "macro avg": {
      "precision": 0.7623885918003565,
      "recall": 0.7444444444444445,
      "f1-score": 0.7471950271950272,
      "support": 133.0
    },
    "weighted avg": {
      "precision": 0.7611676249447147,
      "recall": 0.7443609022556391,
      "f1-score": 0.746539425486794,
      "support": 133.0
    }
  }
}